来源,内容
https://zwfw.fujian.gov.cn/,"福建省网上办事大厅-福建政务服务网-马上就办 · 全程网办 · 一网通办
网站资源正在加载中
初次加载资源可能需要较多时间 请耐心等待"
https://zwfw.fujian.gov.cn/zwgk/tzgg/,"福建省网上办事大厅-福建政务服务网-马上就办 · 全程网办 · 一网通办
网站资源正在加载中
初次加载资源可能需要较多时间 请耐心等待"
https://zwfw.fujian.gov.cn/zwgk/gsgg/,"福建省网上办事大厅-福建政务服务网-马上就办 · 全程网办 · 一网通办
网站资源正在加载中
初次加载资源可能需要较多时间 请耐心等待"
https://zwfw.fujian.gov.cn/zwgk/bmxxgk/,"福建省网上办事大厅-福建政务服务网-马上就办 · 全程网办 · 一网通办
网站资源正在加载中
初次加载资源可能需要较多时间 请耐心等待"
https://zwfw.fujian.gov.cn/zwgk/zcjd/,"福建省网上办事大厅-福建政务服务网-马上就办 · 全程网办 · 一网通办
网站资源正在加载中
初次加载资源可能需要较多时间 请耐心等待"
https://zwfw.fujian.gov.cn/zwgk/zdlyxx/,"福建省网上办事大厅-福建政务服务网-马上就办 · 全程网办 · 一网通办
网站资源正在加载中
初次加载资源可能需要较多时间 请耐心等待"
https://zwfw.fujian.gov.cn/zwgk/jsjgg/,"福建省网上办事大厅-福建政务服务网-马上就办 · 全程网办 · 一网通办
网站资源正在加载中
初次加载资源可能需要较多时间 请耐心等待"
https://zwfw.fujian.gov.cn/zwgk/tjxx/,"福建省网上办事大厅-福建政务服务网-马上就办 · 全程网办 · 一网通办
网站资源正在加载中
初次加载资源可能需要较多时间 请耐心等待"
